{
  "ft": {
    "in": 12,
    "cm": 30.48,
    "m": 0.3048,
    "yd": 0.333,
    "km": 0.0003048
  },
  "in": {
    "ft": 0.083,
    "cm": 2.54,
    "m": 0.0254,
    "yd": 0.027,
    "km": 0.0000254
  },
  "m": {
    "ft": 3.2808,
    "in": 39.370,
    "cm": 0.01,
    "yd": 1.0936,
    "km": 1000
  },
  "cm": {
    "ft": 0.032808,
    "m": 100,
    "in": 0.39370,
    "yd": 0.010936,
    "km": 100000
  },
  "km": {
    "ft": 3280.8,
    "m": 1000,
    "in": 39370,
    "cm": 100000,
    "yd": 1093.6
  },
  "yd": {
    "ft": 3,
    "m": 1.0936,
    "in": 36,
    "cm": 0.010936,
    "km": 1093.6
  }
}